Triple Take,weapon
Longbow DMR,weapon
Charge Rifle,weapon
Sentinel,weapon
Prowler,weapon
Alternator,weapon
Devotion,weapon
G7 Scout,weapon
Hemlok Burst AR,weapon
R-301,weapon
VK-47 Flatline,weapon
M600 Spitfire,weapon
L-Star,weapon
Mastiff,weapon
EVA-8 Auto,weapon
Wingman,weapon
Mozambique,weapon
P2020,weapon
RE-45 Auto,weapon
Havoc,weapon
Volt,weapon
Bangalore,char
Bloodhound,char
Caustic,char
Gibraltar,char
Lifeline,char
Mirage,char
Octane,char
Revenant,char
Wattson,char
Wraith,char
Crypto,char
Loba,char
Pathfinder,char
Rampart,char
Salvage,kings
Gauntlet,kings
Airbase,kings
Bunker,kings
Runoff,kings
The pit,kings
Slum lakes,kings
Containment,kings
Artillery,kings
Capacitor,kings
The rig,kings
Labs,kings
Swamps,kings
The cage,kings
Hydro dam,kings
Repulsor,kings
Water treatment,kings
Airship,kings
Toilet,kings
Skyhook,worlds
Survey camp,worlds
Refinery,worlds
Epicenter,worlds
Countdown,worlds
Overlook,worlds
Lava fissure,worlds
The fragments,worlds
Train yard,worlds
Staging,worlds
Harvester,worlds
Geyser,worlds
Thermal station,worlds
Sorting factory,worlds
Lava city,worlds
The tree,worlds
The dome,worlds
Launch site,worlds
Trials,worlds
